iter	RMSE
0	0.3987242857
1	0.3962417231
2	0.3960221098
3	0.3934375835
4	0.3912258885
5	0.3888197019
6	0.3862599527
7	0.3836459894
8	0.3812886079
9	0.3790945967
10	0.3767160481
11	0.3743823605
12	0.3720548448
13	0.3699521292
14	0.3678541486
15	0.3656405609116	0.3632709458117	0.3610679121118	0.3588617862119	0.3567691763
20	0.354704193421	0.350598799
2222	0.350407887
23	0.34825574924	0.3445150124
25	0.3423347597
26	0.3402965653
2727	0.3401660321
28	0.3383883293
29	0.3364113271
30	0.334504205
31	0.3325498912
32	0.330711267
33	0.3289174743
34	0.3268806991
35	0.3249916751
36	0.3230965509
37	0.3215031924
38	0.3197083657
39	0.3177685946
40	0.3160973311
41	0.3144022094
42	0.3127812931
43	0.3111226793
44	0.3093594669
45	0.3076104809
46	0.3059884294
47	0.3043679448
48	0.3029199923
49	0.30134264250	0.2941219931
51	0.292543839
52	52	0.2965052242
53	0.2949101173
54	0.2934063939
55	0.2918501887
56	0.2902319093
57	0.2887825534
58	0.2872333723
59	0.2857718683
60	0.2843455499
61	0.2828993268
62	0.281424151863	0.2805543965
64	0.279214138
65	0.2779263932
6666	0.2756989426767	0.274297256
68	0.2729293215
69	0.2715294914
70	0.270095686671	0.2697973552
72	0.2684688498
73	0.2672080176
74	0.2648450969
75	0.2635651392
76	0.2622332029
77	0.2608437531
78	0.2594812249
79	0.2583270711
80	0.2570359641
81	0.2558295908
82	0.2547171588
83	0.253544975484	0.2535478656
85	0.2523885569
86	0.2512572104
87	0.250111074188	0.2477030476
89	0.2465426592
90	0.2454656093
91	0.2443732662
92	0.2432719646
93	0.2421518457
94	0.2410044739
95	0.2398880935
96	0.2388319461
97	0.2378464287
98	0.2368322623
99	0.2357437702
100	0.2348344917
101	0.2337881466
102	0.23274619
103	0.2318268665
104	0.2308534555
105	0.2298400964
106	0.2288330772
107	0.2278296226
108	0.2268619415
109	0.2258455931
110	0.2249912228
111	0.224036855
112	0.2232186593
113	0.222398250114	0.2227051288
1115	0.2206776809
116	0.2198318159
117	0.2190126646
118	0.2181491362
119	0.2173292251
120	0.2164887
121	0.2156367879
122	0.2147818211
123	0.2139490028
124	0.2131415466
125	0.2123389873
126	0.2115468099
127	0.2106985863
128	0.2099545398
129	0.2091793705
130	0.2083509089
131	0.2075981153
132	0.2068431915
133	0.2060320673
134	0.2052883762
135	0.2045162298
136	0.2038130598
137	0.2030429171
138	0.2023577672
139	0.2016889315
140	0.2010110969
141	0.2003010188
142	0.1996907736
143	0.1990733156
144	0.198367502145	0.1990859042
146	0.1984594581
147	0.1978748514
148	0.1972211846
149	0.1965103911
150	0.1958844392
151	0.1951635113
152	0.1945372326
153	0.1939465877
154	0.1933363053
155	0.1927941555
156	0.1922824029
157	0.1916455493
158	0.19103094111159	0.19046334251160	0.1899283345
161	0.189269153
162	0.1886323024
163	0.1879679447
164	0.1873856678
165	0.1868563771
166	0.1863020853
167	0.1857179715
168	0.1850825959
169	0.1845021675
170	0.1840406783
171	0.1834269292
172	0.1829046636
173	0.1823289007
174	0.1817647637
175	0.1812843481
176	0.1807971571
177	0.1802744492
178	0.1796989175
179	0.1792014931
180	0.1786663589
181	0.178238057
182	0.1776793092
183	0.1772043501
184	0.1768023878
185	0.1763159561
186	0.175765634
187	0.1752716078
188	0.1747990695
189	0.1743647445
190	0.1738110771
191	0.1732998424
192	0.1728735385
193	0.1724781383
194	0.172077917
195	0.1716298157
196	0.1711983416
197	0.1707983246
198	0.1702983045
199	0.1698788308
200	0.1693839814
201	0.1689108824
202	0.1685128256
203	0.1680529765
204	0.1676729447
205	0.1672237388
206	0.1668233122
207	0.1664227241
208	0.1659961389
209	0.1656369311
210	0.1652325075
211	0.1648075329
212	0.1644749971
213	0.1641240573
214	0.1637808195
215	0.1634151909
216	0.1630506846
217	0.1626290187
218	0.1622946904
219	0.1619375797
220	0.1614973102
221	0.161132128
222	0.160824005
223	0.1604691427
224	0.160074413
225	0.1597117307
226	0.1594033493
227	0.159041688
228	0.1586778926
229	0.158273135
230	0.1580231693
231	0.1577056811
232	0.157359996
233	0.1570092297
234	0.1566916979
235	0.156365388
236	0.1560278629
237	0.1556663917
238	0.1553098503
239	0.1549601197
240	0.1546670528
241	0.1544240944
242	0.1540779894
243	0.1537223638
244	0.1533463497
245	0.1530701214
246	0.1527942464
247	0.1524876542
248	0.1521799782
249	0.1519055198
250	0.1516070933
251	0.1513580557
252	0.1510809566
253	0.1508236187
254	0.1505457046
255	0.1502413866
256	0.1500059154
257	0.1496460859
258	0.1493382638
259	0.1490540652
260	0.1487716262
261	0.1485175823
262	0.1482551305
263	0.1479817634
264	0.1477550343
265	0.1474818742
266	0.1472255616
267	0.1469258165
268	0.1466720747
269	0.1464012114
270	0.1461387247
271	0.1458789563
272	0.1456146543
273	0.1453846542
274	0.1451543309
275	0.1449189876
276	0.1446852437
277	0.1444364277
278	0.1442226206
279	0.143975746
280	0.1437396832
281	0.1435366277
282	0.1432878456
283	0.1430739859
284	0.1429099658
285	0.142680373
286	0.1424975671
287	0.1422920423
288	0.1420739324
289	0.1418554104
290	0.1416453651
291	0.1414084706
292	0.1412272178
293	0.141016239
294	0.1408164461
295	0.1405595296296	0.1368215007
297	0.1366070971
298	0.1364000605
299	0.1362002255
300	0.1360147165
301	0.1358605352
302	0.1356520796
303	0.1354541914
304	0.1352833558
305	0.1350597187
306	0.1348333328
307	0.1346519031
308	0.1344280845
309	0.134244916
310	0.1340531128
311	0.1338813707
312	0.1337057244
313	0.1335617855
314	0.1333906237
315	0.133221423
316	0.1330928128
317	0.1328726479
318	0.1326991163
319	0.1324851064
320	0.1322776991
321	0.1321206553
322	0.1319627128
323	0.1317319436
324	0.1315820358
325	0.1314135741
326	0.1311840138
327	0.1310379059
328	0.130855516
329	0.1307040741
330	0.1305373707
331	0.130395371
332	0.1302178247
333	0.1300467524
334	0.1298875587
335	0.1297638324
336	0.1295943542
337	0.1294322757
338	0.1292772579
339	0.1291327539
340	0.1289722945
341	0.128860463
342	0.1286909582
343	0.128566344	0.1291533046
345	0.12899999
346	0.1288521014
347	0.1287167049
348	0.1285502591
349	0.1283879978
350	0.1282099786
351	0.1280806616
352	0.1279378661
353	0.1277918821
354	0.1276646272
355	0.1275486787
356	0.127429431
357	0.1273064006
358	0.1271399814
359	0.1270203131
360	0.1268832341
361	0.361	0.1259002129
362	0.125778098
363	0.1256462578
364	0.1254964789
365	0.125365307
366	0.1252481492
367	0.1250706006
368	0.1249280482
369	0.1247812058
370	0.1246659232
371	0.1245262887
372	0.1244149704
373	0.1243318013
374	0.124204976
375	0.1240783376	0.1246253999
377	0.1245043871
378	0.1243621272
379	0.1242015909
380	0.1240717102
381	0.1239605695
382	0.1238166606
383	0.1237036996
384	0.1235710221
385	0.1234362406
386	0.1233293124
387	0.1232235539
388	0.123072433
389	0.1229560799
390	0.1228375615
391	0.1227425851
392	0.1226283599
393	0.1225161134
394	0.1224043587
395	0.1222857137
396	0.1221718203
397	0.1220435339
398	0.1219517179
399	0.1218258804
400	0.1217197803
401	0.1216105609
402	0.1214824229
403	0.1213645951
404	0.1212602279
405	0.1211328489
406	0.1209985964
407	0.1208869723
408	0.120777162
409	0.1206829991
410	0.1205598626
411	0.120446133
412	0.1203041559
413	0.1202075017
414	0.1201096003
415	0.1200030275
416	0.1198987271
417	0.1197824307
418	0.1197089888
419	0.1196224386
420	0.1195361273
421	0.1194598672
422	0.1193630848
423	0.1192340295
424	0.1191150027
425	0.1189872916
426	0.1188899357
427	0.118774135
428	0.1186483581
429	0.1185762428
430	0.118485615
431	0.1184031935
432	0.1182776277
433	0.1182041434
434	0.1181142112
435	0.1180213505
436	0.1179130298
437	0.1178324678
438	0.1177427052
439	0.1176508463
440	0.1175335289
441	0.1174380041
442	0.1173415481
443	0.1172514103
444	0.1171479279
445	0.1170685354
446	0.1169667938
447	0.1168996053
448	0.1167960913
449	0.1167184871
450	0.1166079291
451	0.1164772289
452	0.1163559454
453	0.116245937
454	0.116167176
455	0.1161137882
456	0.1160175065
457	0.1158978925
458	0.1158251413
459	0.1157454342
460	0.1156531487
461	0.1155811486
462	0.1154968878
463	0.1153874125
464	0.1153370169
465	0.1152381655
466	0.1151576778
467	0.1150619675
468	0.1150004535
469	0.114910609
470	0.1148069997471	0.1138801209
472	0.1137643863
473	0.1136846388
474	0.1135970339
475	0.1134794435
476	0.113378224
477	0.1133035034
478	0.1132317961
479	0.1131144176
480	0.113060748
481	0.1129617645
482	0.112881074
483	0.1128041386
484	0.1127161756
485	0.1126564631
486	0.1125766387
487	0.1125042361
488	0.1124290283
489	0.1123307241
490	0.1122526608
491	0.1121884291
492	0.1121328148
493	0.1120483888
494	0.1119800032
495	0.1118906725
496	0.1118165235
497	0.1117349847
498	0.1116633027
499	0.1116038686
500	0.1115324167
501	0.111463048
502	0.1113687069
503	0.1112631627
504	0.1112027633
505	0.1111225166
506	0.1110706153
507	0.1109830524
508	0.1109035221
509	0.1108261533
510	0.1107567289
511	0.1106844819
512	0.110610806
513	0.1105213086
514	0.1104525093
515	0.1103915022
5516	0.1111739631
517	0.1111115045
518	0.111040213
519	0.1109692165
520	0.1108881923
521	0.1108369567
522	0.1107841496
523	0.1107101219
524	0.1106422293
525	0.1105850976
526	0.1105092781
527	0.1104266571
528	0.1103463739
529	0.110282098
530	0.1102087935
531	0.1101228395
532	0.1100481531
533	0.109983406
534	0.1099274341
535	0.1098579696
536	0.109812389
537	0.1097446703
538	0.1096954333
539	0.1096494785
540	0.1095777282
541	0.109494707
542	0.1094162801
543	0.1093542281
544	0.1092948138
545	0.1092323708
546	0.1091614122
547	0.1090893904
548	0.1090352084
549	0.1089643304
550	0.1089027761
551	0.1088607387
552	0.1087855041
553	0.1087369083
554	0.1086479724
555	0.1085570495
556	0.1084987762
557	0.1084564777
558	0.1084019118
559	0.1083196273
560	0.1082659554
561	0.1082078197
562	0.1081238605
563	0.1080507148
564	0.1079887169
565	0.1079294968
566	0.1078505094
567	0.1077783198
568	0.107722057
569	0.1076535466
570	0.1075838379
571	0.1075296511
572	0.1074388625
573	0.1073810245
574	0.1073354593
575	0.1072787021
576	0.1072401927
577	0.1071753656
578	0.1071314413
579	0.1070689278
580	0.1070191084
581	0.106975217
582	0.1069107189
583	0.1068735092
584	0.1067995891
585	0.1067477455
586	0.1066770336
587	0.1065981385
588	0.1065459595
589	0.1065048335
590	0.1064404781
591	0.1063708278
592	0.1063248855
593	0.1062630152
594	0.1062143997
595	0.1061585196
596	0.1060942524
597	0.1060159972
598	0.1059473149
599	0.1058809391
600	0.1058162536
601	0.1057882095
602	0.1057415181
603	0.1056912956
604	0.1056365721
605	0.10561811
606	0.1055600803
607	0.10550941
608	0.1054594193
609	0.1054133828
610	0.1053861479
611	0.1053517246
612	0.105309505
613	0.1052740895
614	0.1052292646
615	0.1051897872
616	0.1051109192
617	0.1050562258
618	0.1049898431
619	0.1049233949
620	0.1048704131
621	0.1048144917
622	0.1047670203
623	0.1047057553
624	0.1046710278
625	0.1046015332
626	0.1045620778
627	0.1045097073
628	0.1044552605
629	0.1044120931
630	0.1043572841
631	0.1043009422
632	0.1042407673
633	0.1041795993
634	0.1041230189
635	0.1040451963
636	0.1039770553
637	0.1039109028
638	0.1038677104
639	0.1038016727
640	0.1037737203
641	0.1037027988
642	0.1036584131
643	0.1036093387
644	0.1035758393
645	0.1035172314
646	0.1034627077
647	0.1033784683
648	0.1033239376
649	0.1032660427
650	0.1032244393
651	0.103182667
652	0.1031364684
653	0.1031045881
654	0.1030515848
655	0.1029790712
656	0.102914315
657	0.1028799992
658	0.1028324521
659	0.1027904476
660	0.1027802222
661	0.1027548198
662	0.1026787805
663	663	0.1016280426
664	0.1015740551
665	0.1015265921
666	0.1014834173
667	0.1014375239
668	0.1013735724
669	0.1013252344
670	0.1012913288
671	0.1012756084
672	0.1012326829
673	0.1011859683
674	0.1011276418
675	0.101053407
676	0.1009960353
677	0.1009429992
678	0.1008897819
679	0.1008268854
680	0.1007854013
681	0.1007346519
682	0.1006968026
683	0.1006582557
684	0.1006340587
685	0.1005756972
686	0.1005598022
687	0.1005214439
688	0.1004975804
689	0.1004371473
690	0.1004050065
691	0.1003654148
692	0.1003096309
693	0.100267991
694	0.1002299732
695	0.1001862864
696	0.1001606501
697	0.1001198206
698	0.100071738
699	0.1000255084
700	0.09998905471
701	0.09993596992
702	0.09987657473
703	0.09985472169
704	0.09979915291
705	0.09977322881
706	0.09974467321
707	0.09972479311
708	0.0996701282
709	0.09962422323
710	0.09958616763
711	0.09954761352
712	0.09950103958
713	0.09947273129
714	0.09943075763
715	0.09938477317
716	0.09934719136
717	0.09933506708
718	0.09925564549
719	0.09918984463
720	0.09914637505
721	0.09912878484
722	0.09910022063
723	0.09907169597
724	0.09902738647
725	0.09898278435
726	0.09893090018
727	0.09891515694
728	0.09887345421
729	0.09885057304
730	0.09881876811
731	0.09880110685
732	0.09876256428
733	0.09874141876
734	0.0987186874
735	0.09867255556
736	0.09862883465
737	0.09858752312
738	0.09855242887
739	0.09850466864
740	0.09846950945
741	0.0984527993
742	0.09842484586
743	0.0984069505
744	0.09833743342
745	0.09829883998
746	0.09825152458
747	0.09819718495
748	0.09814558672
749	0.09811445999
750	0.09807737626
751	0.0980446498
752	0.09799481223
753	0.09796350796
754	0.09794371237
755	0.09787157218
756	0.09780227894
757	0.09777222739
758	0.09774950126
759	0.09772675308
760	0.09764845155
761	0.09761180085
762	0.0975779942
763	0.0974980812
764	0.09746135483
765	0.09745043184
766	0.09742717045
767	0.09739379719
768	0.09736519987
769	0.09734176258
770	0.09731594592
771	0.09729269499
772	0.09727296319
773	0.09720790586
774	0.09719003779
775	0.09715675837
776	0.09712942786
777	0.09711028639
778	0.09706512713
779	0.09704334751
780	0.09702603868
781	0.09700532937
782	0.09695996633
783	0.09693405615
784	0.09691482485
785	0.09687416503
786	0.09681486498
787	0.09676726319
788	0.0966933772
789	0.09667830707
790	0.09662736119
791	0.09660556764
792	0.09656007453
793	0.09648440126
794	0.09644443794
795	0.09642850268
796	0.09639751282
797	0.09636033636
798	0.09630901766
799	0.0962942948
800	0.09626114238
801	0.09620935874
802	0.09616302261
803	0.09611336429
804	0.09607077253
805	0.09604876318
806	0.09603382698
807	0.09598222904
808	0.09592469144
809	0.09590766758
810	0.09587927608
811	0.09586877789
812	0.09584641498
813	0.09581125819
814	0.09576434905
815	0.09571908256
816	0.09570336713
817	0.09569097155
818	0.09564088519
819	0.09559906487
820	0.09556117824
821	0.09554929837
822	0.09548167696
823	0.09545810745
824	0.09541521015
825	0.09536363967
826	0.0953267085
827	0.09527881456
828	0.09523402098
829	0.09519751805
830	0.09518155497
831	0.09515918926
832	0.09510639627
833	0.09508215955
834	0.09503573011
835	0.09502166804
836	0.09500929372
837	0.09496886207
838	0.09494696272
839	0.09491209829
840	0.09487988298
841	0.09483205528
842	0.09478306169
843	0.0947679028
844	0.09474681153
845	0.0946949296
846	0.09466793007
847	0.09459597446
848	0.09456378457
849	0.09450587221
850	0.09449062811
851	0.09445470919
852	0.09443350101
853	0.09437181627
854	0.09432469551
855	0.09428605326
856	0.09424945972
857	0.09420977908
858	0.09419377004
859	0.0941414801
860	0.09408339196
861	0.09404236255
862	0.09399172036
863	0.09396926081
864	0.09395567047
865	0.09392706222
866	0.09388032357
867	0.09383677593
868	0.09381949669
869	0.09380623247
870	0.0937689735
871	0.09375212608
872	0.09372329061
873	0.09369248465
874	0.09368158342
875	0.09363293322
876	0.09361720437
877	0.09357101903
878	0.09354494263
879	0.09349524038
880	0.09346280932
881	0.09344930056
882	0.09340346738
883	0.09334253992
884	0.09329514187
885	0.09327715963
886	0.09323019254
887	0.0931840104
888	0.0931418704
889	0.09311787072
890	0.09307152806
891	0.09305620783
892	0.09304320196
893	0.09302580968
894	0.09300034995
895	0.09296031815
896	0.09294514468
897	0.0929060318
898	0.09286485935
899	0.09284165857
900	0.09277180248
901	0.09275871721
902	0.09274526787
903	0.09269939361
904	0.09266985925
905	0.09265533763
906	0.09262483064
907	0.09261003917
908	0.09259504858
909	0.09257634976
910	0.09256398865
911	0.09255067778
912	0.09250834
913	0.0924647817
914	0.09241521925
915	0.09239481929
916	0.09235004639
917	0.09230248471
918	0.09228967287
919	0.09227777
920	0.09226513625
921	0.09225477739
922	0.09222228978
923	0.09217261033
924	0.09213608868
925	0.09209458056
926	0.09204745647
927	0.09203549627
928	0.09201871457
929	0.0920008263
930	0.09196953578
931	0.09194572471
932	0.09190963396
933	0.09186351271
934	0.09183332825
935	0.0918040558
936	0.09177753506
937	0.09176141258
938	0.0917498365
939	0.09173496413
940	0.09170114809
941	0.09167198936
942	0.09165330442
943	0.09161267892
944	0.0915770828
945	0.09156792485
946	0.0915560702
947	0.09154023548
948	0.09152684366
949	0.09149338062
950	0.09147055045
951	0.09144653987
952	0.09141605875
953	0.09137155166
954	0.09133859756
955	0.09132772723
956	0.09128304356
957	0.0912535887
958	0.09124053138
959	0.09121136613
960	0.09117964928
961	0.09116451496
962	0.09113394217
963	0.09112390196
964	0.09110163403
965	0.09105386884
966	0.09104128961
967	0.09102229282
968	0.09099665403
969	0.09097744985
970	0.09093347928
971	0.0908932452
972	0.09085984106
973	0.09084682359
974	0.09081005598
975	0.09079775878
976	0.09074074499
977	0.09068594968
978	0.09064395929
979	0.09058967953
980	0.09057389907
981	0.09052305472
982	0.09048563804
983	0.09042844158
984	0.09041630277
985	0.09040634465
986	0.09034028917
987	0.09030888717
988	0.09028053121
989	0.09026949361
990	0.09022749917
991	0.09021610339
992	0.09020035175
993	0.09018946501
994	0.09014537176
995	0.09013032252
996	0.09010102023
997	0.09008332864
998	0.0900468339
999	0.09003441993
1000	0.09000380428
1001	0.08999308771
1002	0.08998206314
1003	0.08996140655
1004	0.08991176584
1005	0.08986783938
1006	0.08983231553
1007	0.08981435118
1008	0.08978950883
1009	0.08977737093
1010	0.08973147683
1011	0.08971570205
1012	0.08967512661
1013	0.08965649676
1014	0.08960468669
1015	0.0895830243
1016	0.08954825059
1017	0.08951513245
1018	0.0894777466
1019	0.08943408338
1020	0.08939328317
1021	0.0893555012
1022	0.08934587038
1023	0.08932208021
1024	0.08927864616
1025	0.08926996757
1026	0.08922561499
1027	0.08919323885
1028	0.08917930232
1029	0.08913992093
1030	0.08913017946
1031	0.0890868603
1032	0.08904719863
1033	0.08898534045
1034	0.08892328828
1035	0.08888612305
1036	0.08886373404
1037	0.08880133493
1038	0.08877749608
1039	0.08877004114
1040	0.08875701658
1041	0.08874469577
1042	0.0887103773
1043	0.08868180405
1044	0.08864540115
1045	0.08861850038
1046	0.0885964641
1047	0.08856902038
1048	0.08852786086
1049	0.08850284467
1050	0.08848970559
1051	0.08846896612
1052	0.08843530447
1053	0.08841300086
1054	0.08837461068
1055	0.08832265703
1056	0.08831273262
1057	0.08828207535
1058	0.08827541713
1059	0.0882296387
1060	0.08817856535
1061	0.08813517694
1062	0.08810072268
1063	0.08803744335
1064	0.08799132569
1065	0.08798238229
1066	0.08794263604
1067	0.08792913108
1068	0.08788664971
1069	0.08786592611
1070	0.0878203137
1071	0.08779101134
1072	0.08774205377
1073	0.0877241343
1074	0.08771741862
1075	0.08771056041
1076	0.08767700184
1077	0.08764923568
1078	0.08763266443
1079	0.08761668551
1080	0.08761143932
1081	0.08755972001
1082	0.0875325356
1083	0.08747599012
1084	0.08743287656
1085	0.08738808597
1086	0.08737479767
1087	0.08732899994
1088	0.08732236904
1089	0.08729023727
1090	0.0872444787
1091	0.08723249471
1092	0.08717753286
1093	0.08714717535
1094	0.08710778488
1095	0.08706421614
1096	0.08703386329
1097	0.08700124204
1098	0.08696830183
1099	0.08692786194
1100	0.08692005255
1101	0.08691358735
1102	0.08687549677
1103	0.08683828252
1104	0.0867942237
1105	0.08676009253
1106	0.086736703
1107	0.08668071427
1108	0.08663804377
1109	0.08660611229
1110	0.08658268088
1111	0.08654232187
1112	0.08650527477
1113	0.08649645777
1114	0.08645471281
1115	0.08642924016
1116	0.08639888507
1117	0.08638824187
1118	0.08634472142
1119	0.08631041768
1120	0.08630506859
1121	0.08626549805
1122	0.08623153037
1123	0.08622622654
1124	0.08619288968
1125	0.08614130093
1126	0.08613077558
1127	0.08609528897
1128	0.08606435139
1129	0.08603257965
1130	0.0859950676
1131	0.08596984965
1132	0.08592891634
1133	0.08587660873
1134	0.08584130472
1135	0.08581426146
1136	0.08578292113
1137	0.08577754064
1138	0.08572288824
1139	0.08568856062
1140	0.08567583418
1141	0.08563608958
1142	0.08559688079
1143	0.08559167003
1144	0.08557339954
1145	0.08553360391
1146	0.08550426998
1147	0.0854648442
1148	0.0854426887
1149	0.08541976588
1150	0.08536701486
1151	0.08536184107
1152	0.08533979009
1153	0.08532419587
1154	0.08528528121
1155	0.08525861458
1156	0.08524076283
1157	0.08521632435
1158	0.08518175799
1159	0.08515851053
1160	0.08511659784
1161	0.08507366429
1162	0.08506162773
1163	0.08502221337
1164	0.08498020511
1165	0.08494580177
1166	0.08494069734
1167	0.0849201067
1168	0.08487230953
1169	0.08483877938
1170	0.08480021726
1171	0.08478784442
1172	0.08475674337
1173	0.08472359932
1174	0.08468493757
1175	0.08466486396
1176	0.08460600361
1177	0.08457668211
1178	0.08454414758
1179	0.08453913799
1180	0.0845290619
1181	0.08450173834
1182	0.08446282916
1183	0.08442578952
1184	0.0843808541
1185	0.08437589401
1186	0.08433927175
1187	0.0842978426
1188	0.08426155155
1189	0.08422470532
1190	0.08418451133
1191	0.08415376702
1192	0.0841310579
1193	0.08409662792
1194	0.08408600699
1195	0.08407326102
1196	0.08403978576
1197	0.08402933167
1198	0.08399438544
1199	0.08396410612
1200	0.08393222939
1201	0.08389266507
1202	0.08386270547
1203	0.08382705589
1204	0.08379559423
1205	0.08376588716
1206	0.08375512963
1207	0.08372592876
1208	0.0836875418
1209	0.08364693398
1210	0.08360426046
1211	0.08357283534
1212	0.08356487595
1213	0.08353104201
1214	0.08349362483
1215	0.08346514961
1216	0.08345338342
1217	0.0834223751
1218	0.08338379541
1219	0.08335485133
1220	0.08331743071
1221	0.08329337556
1222	0.08326168554
1223	0.08325692981
1224	0.08323440446
1225	0.08320484532
1226	0.08317025938
1227	0.08315377216
1228	0.0831214346
1229	0.08309094644
1230	0.08303508994
1231	0.08302504433
1232	0.08299484458
1233	0.08296522834
1234	0.0829335351
1235	0.08290547557
1236	0.08287331657
1237	0.08284723721
1238	0.08280672929
1239	0.08277077078
1240	0.08274130414
1241	0.08271227556
1242	0.08267840602
1243	0.08266998397
1244	0.08264276432
1245	0.08262678606
1246	0.08260678995
1247	0.08256528558
1248	0.08254463853
1249	0.08251105577
1250	0.0824694204
1251	0.08244008793
1252	0.08240341582
1253	0.08235874805
1254	0.08233144712
1255	0.08231960475
1256	0.08228852216
1257	0.08225611378
1258	0.08223011491
1259	0.0822219514
1260	0.08219435323
1261	0.08216706745
1262	0.08213705614
1263	0.08210682871
1264	0.08205961704
1265	0.08205508218
1266	0.08203131637
1267	0.08200956862
1268	0.08197517035
1269	0.08195473655
1270	0.08192611331
1271	0.08190538303
1272	0.08189580845
1273	0.08185488323
1274	0.08181337254
1275	0.08177561335
1276	0.08174714532
1277	0.08171392009
1278	0.08167571088
1279	0.08164272038
1280	0.08163109587
1281	0.08158871742
1282	0.08155158759
1283	0.08153199292
1284	0.08150323058
1285	0.08149153227
1286	0.08145199537
1287	0.08141554044
1288	0.08139272405
1289	0.08136512992
1290	0.08134268686
1291	0.08131948651
1292	0.08129623031
1293	0.08126426607
1294	0.08123375702
1295	0.08121226435
1296	0.08119019679
1297	0.08115970921
1298	0.08114091856
1299	0.08110853471
1300	0.08107826381
1301	0.08104184544
1302	0.08100928315
1303	0.08099616755
1304	0.08098784939
1305	0.08095850357
1306	0.0809455002
1307	0.08091356286
1308	0.08090290901
1309	0.08088130111
1310	0.08085617142
1311	0.0808263665
1312	0.08077498553
1313	0.08074824647
1314	0.080711536
1315	0.08070279411
1316	0.08069263367
1317	0.0806575942
1318	0.08063084839
1319	0.08059924623
1320	0.08056195014
1321	0.08052917131
1322	0.08052021253
1323	0.08047657941
1324	0.08046412277
1325	0.08043924124
1326	0.08041097058
1327	0.08038030824
1328	0.08033542852
1329	0.08031778417
1330	0.08030693787
1331	0.08029623973
1332	0.08025339403
1333	0.08022739087
1334	0.08020069468
1335	0.08017024106
1336	0.08013834411
1337	0.08010613437
1338	0.08007430388
1339	0.08006214645
1340	0.08002346437
1341	0.0799914973
1342	0.07997908441
1343	0.07996880594
1344	0.0799339818
1345	0.07991073694
1346	0.07987944536
1347	0.07986820309
1348	0.07985011205
1349	0.0798280228
1350	0.07980224403
1351	0.07977669829
1352	0.0797467059
1353	0.07970632056
1354	0.07967605282
1355	0.07965161174
1356	0.07962635952
1357	0.0796191993
1358	0.07959730501
1359	0.07956964237
1360	0.07956358951
1361	0.07952838222
1362	0.07950025497
1363	0.07946720128
1364	0.07943545738
1365	0.07940289557
1366	0.07935941908
1367	0.07933065157
1368	0.07930515893
1369	0.07928341125
1370	0.07925131957
1371	0.07922591349
1372	0.07921904317
1373	0.0791860937
1374	0.07915318193
1375	0.07914268724
1376	0.07910153254
1377	0.07908271916
1378	0.07903931598
1379	0.07900323936
1380	0.07897864468
1381	0.07895834183
1382	0.0789318758
1383	0.07889947663
1384	0.07887833128
1385	0.07887147864
1386	0.0788570886
1387	0.0788210612
1388	0.07878939712
1389	0.07878096748
1390	0.07877179824
1391	0.07874543024
1392	0.07872706189
1393	0.07869606051
1394	0.07866872672
1395	0.07865796795
1396	0.07863241813
1397	0.07862580629
1398	0.0786010963
1399	0.07859100636
1400	0.07856234262
1401	0.07853927202
1402	0.07852787175
1403	0.07848584892
1404	0.07848033425
1405	0.07847400435
1406	0.07846810163
1407	0.07843244661
1408	0.07840334532
1409	0.07839320639
1410	0.0783546314
1411	0.07832224485
1412	0.07829742229
1413	0.07828457759
1414	0.07828068355
1415	0.07826035426
1416	0.0782303325
1417	0.07820368434
1418	0.0781853497
1419	0.0781557017
1420	0.07814949536
1421	0.07812326017
1422	0.07808947633
1423	0.07805991907
1424	0.07802744958
1425	0.07798247808
1426	0.07794698734
1427	0.07791859987
1428	0.07790571012
1429	0.0778757882
1430	0.07785279635
1431	0.07784963142
1432	0.07781982907
1433	0.07778966151
1434	0.07774718942
1435	0.07773617104
1436	0.0777125833
1437	0.07768760863
1438	0.07768447525
1439	0.07765133335
1440	0.07763666191
1441	0.07762245149
1442	0.07759174135
1443	0.07755415376
1444	0.07752023002
1445	0.07751494696
1446	0.07748635723
1447	0.07746776153
1448	0.07744302805
1449	0.07743929323
1450	0.07743406809
1451	0.07740377641
1452	0.07740056271
1453	0.07736592648
1454	0.07734855827
1455	0.07732730775
1456	0.07730671977
1457	0.07728106697
1458	0.07725762751
1459	0.07722164746
1460	0.07718777637
1461	0.07716719773
1462	0.07714425578
1463	0.0771155238
1464	0.07708665909
1465	0.07705209766
1466	0.07702513913
1467	0.07699981522
1468	0.07697050038
1469	0.07693902512
1470	0.07691898604
1471	0.07688977539
1472	0.07684225921
1473	0.07682170456
1474	0.0768003639
1475	0.07677204038
1476	0.07674393019
1477	0.07673114174
1478	0.0767066471
1479	0.07667878934
1480	0.07666864238
1481	0.07663754815
1482	0.07662373493
1483	0.07659377018
1484	0.07656269305
1485	0.07654639435
1486	0.07651974283
1487	0.07647825503
1488	0.07646387386
1489	0.07643695441
1490	0.07643409817
1491	0.0764090428
1492	0.07639699445
1493	0.07634976117
1494	0.07631144591
1495	0.07628819421
1496	0.07625671936
1497	0.07621449836
1498	0.07618993394
1499	0.07616868165
1500	0.076136539
1501	0.07613362206
1502	0.0761077053
1503	0.07610230152
1504	0.07609640867
1505	0.07608118716
1506	0.07606817114
1507	0.07604149971
1508	0.07602478046
1509	0.07598872705
1510	0.07596522272
1511	0.07593007065
1512	0.07589187611
1513	0.07586876657
1514	0.0758640428
1515	0.07583691577
1516	0.07580231533
1517	0.07577666785
1518	0.07577382333
1519	0.0757626137
1520	0.07574167334
1521	0.07571612324
1522	0.07568829922
1523	0.07565284367
1524	0.07563200588
1525	0.07561040458
1526	0.07560158929
1527	0.0755713417
1528	0.0755565731
1529	0.07553050502
1530	0.07550673742
1531	0.07547473703
1532	0.07545330423
1533	0.07541290372
1534	0.07536592345
1535	0.07534034758
1536	0.07531527669
1537	0.07529669357
1538	0.07527239999
1539	0.07524143494
1540	0.07523814529
1541	0.07521334003
1542	0.0751889609
1543	0.07514987405
1544	0.0751176632
1545	0.07511494045
1546	0.07508343387
1547	0.07507392757
1548	0.07504467532
1549	0.07502164907
1550	0.07498149529
1551	0.07494975326
1552	0.07492856145
1553	0.07489684441
1554	0.07486227882
1555	0.07483292358
1556	0.07479504258
1557	0.07477189308
1558	0.07473932502
1559	0.07472488997
1560	0.07471904768
1561	0.07471342588
1562	0.07467265169
1563	0.07464254764
1564	0.07463969412
1565	0.07463687769
1566	0.07462838464
1567	0.07461295661
1568	0.07461030454
1569	0.07457001334
1570	0.07454031923
1571	0.07452800117
1572	0.0744959495
1573	0.07449020922
1574	0.07446062468
1575	0.07442969649
1576	0.07440992139
1577	0.07437947279
1578	0.07435219051
1579	0.07432255727
1580	0.07428414736
1581	0.07426328333
1582	0.07425808768
1583	0.07422544892
1584	0.07419296873
1585	0.07416082973
1586	0.07413141674
1587	0.07411051477
1588	0.07408526352
1589	0.07406990113
1590	0.07403737621
1591	0.07401181505
1592	0.07397524453
1593	0.07394882311
1594	0.07394525832
1595	0.07391053238
1596	0.07388604699
1597	0.07385374561
1598	0.07383365038
1599	0.07380418863
1600	0.0737695929
1601	0.07374954388
1602	0.07374692623
1603	0.07373636246
1604	0.07371698289
1605	0.07371139813
1606	0.07367811873
1607	0.07365086495
1608	0.07361461423
1609	0.07359038126
1610	0.07355910012
1611	0.07353930044
1612	0.07351167003
1613	0.07348097394
1614	0.07346203908
1615	0.07344455865
1616	0.0734373769
1617	0.07341472147
1618	0.07339042342
1619	0.07336718389
1620	0.07333548291
1621	0.07331362692
1622	0.07331105813
1623	0.07328261254
1624	0.07325030578
1625	0.07322342835
1626	0.07319149995
1627	0.07316722992
1628	0.07314093919
1629	0.07310420494
1630	0.07308449486
1631	0.07305160752
1632	0.07304346987
1633	0.07303393267
1634	0.07300632223
1635	0.07297950332
1636	0.07295699784
1637	0.0729258663
1638	0.07290075232
1639	0.07287681666
1640	0.07285706869
1641	0.07283041817
1642	0.07282716394
1643	0.07282449311
1644	0.07279023068
1645	0.07276398381
1646	0.07274684566
1647	0.07274372466
1648	0.07271403988
1649	0.07270859881
1650	0.07269993419
1651	0.07268224139
1652	0.07266113865
1653	0.0726413757
1654	0.07260831313
1655	0.07257746369
1656	0.07254924092
1657	0.07252393651
1658	0.07250663264
1659	0.07248281697
1660	0.07247762405
1661	0.07244857793
1662	0.07242793373
1663	0.07239622683
1664	0.07239316387
1665	0.0723611715
1666	0.07232137187
1667	0.07229410455
1668	0.07226025423
1669	0.07224685521
1670	0.0722360321
1671	0.07219869385
1672	0.07216699468
1673	0.07216382947
1674	0.07213249461
1675	0.07209845165
1676	0.07206746711
1677	0.07205396338
1678	0.07203665638
1679	0.07200986834
1680	0.07198932654
1681	0.07195822337
1682	0.07193575661
1683	0.07190602852
1684	0.0719028892
1685	0.07187947667
1686	0.07187635276
1687	0.07185196862
1688	0.07181868354
1689	0.07179436491
1690	0.07176767263
1691	0.07172776986
1692	0.07170025707
1693	0.07167958371
1694	0.07164909064
1695	0.07161915644
1696	0.07157677474
1697	0.07154425104
1698	0.07152723018
1699	0.07151552098
1700	0.07149824036
1701	0.07147819247
1702	0.07144356469
1703	0.07141197104
1704	0.07138611006
1705	0.07136246745
1706	0.07133226121
1707	0.07132704312
1708	0.07130179893
1709	0.0712730271
1710	0.07124133866
1711	0.07123616919
1712	0.07120855073
1713	0.07118463619
1714	0.07116505424
1715	0.0711459646
1716	0.07111804014
1717	0.07108675952
1718	0.07106009773
1719	0.07103481899
1720	0.07100994911
1721	0.07097967246
1722	0.07094869233
1723	0.07091845119
1724	0.07089353958
1725	0.07087034836
1726	0.07085506194
1727	0.07083030251
1728	0.07081033769
1729	0.07077388565
1730	0.07075454861
1731	0.07073533164
1732	0.0707117308
1733	0.07068190734
1734	0.07066617062
1735	0.0706404889
1736	0.07061297235
1737	0.07060801985
1738	0.07058786594
1739	0.07055684376
1740	0.0705247723
1741	0.07051689978
1742	0.07049889234
1743	0.07048191531
1744	0.070446068
1745	0.07041021303
1746	0.07038153659
1747	0.07035079611
1748	0.07033533226
1749	0.07033239845
1750	0.07029768604
1751	0.07026255864
1752	0.07022827829
1753	0.07020555793
1754	0.07018198009
1755	0.07017282371
1756	0.07014911119
1757	0.070146096
1758	0.07011266728
1759	0.07008935644
1760	0.07007365756
1761	0.07004742793
1762	0.07000800855
1763	0.06998139979
1764	0.06994895726
1765	0.06992980396
1766	0.0699015082
1767	0.06987119168
1768	0.06985768002
1769	0.06983855511
1770	0.0698241121
1771	0.06979777247
1772	0.06976772147
1773	0.06973039462
1774	0.06970807375
1775	0.0697026915
1776	0.06967759801
1777	0.06965528798
1778	0.06965229228
1779	0.06962862683
1780	0.06960174172
1781	0.0695807277
1782	0.06955172709
1783	0.06952662853
1784	0.06949879953
1785	0.06947194065
1786	0.0694413838
1787	0.06942037522
1788	0.06940268585
1789	0.06938200872
1790	0.0693506567
1791	0.06932697574
1792	0.06930057975
1793	0.0692765793
1794	0.06925014738
1795	0.06923025393
1796	0.06920270071
1797	0.0691687038
1798	0.06914637166
1799	0.06911408103
1800	0.06909203812
1801	0.06906821391
1802	0.06904847987
1803	0.06903688958
1804	0.06901305501
1805	0.0689840609
1806	0.06896353651
1807	0.06894104725
1808	0.06892152787
1809	0.06891474357
1810	0.06891001588
1811	0.06887524327
1812	0.06884756148
1813	0.06881427009
1814	0.06879693566
1815	0.06877744873
1816	0.06877059433
1817	0.06875510504
1818	0.06873664437
1819	0.06871507367
1820	0.06871021055
1821	0.06868996008
1822	0.0686618447
1823	0.06863225394
1824	0.06861152739
1825	0.06857921361
1826	0.0685525155
1827	0.06852480387
1828	0.0685049626
1829	0.06848432205
1830	0.06845441609
1831	0.06843371246
1832	0.06840051602
1833	0.06837635066
1834	0.0683496245
1835	0.06832749784
1836	0.06832275475
1837	0.06828921801
1838	0.06826941721
1839	0.06824748251
1840	0.06821308738
1841	0.06818469667
1842	0.06817074021
1843	0.06814556335
1844	0.06812059197
1845	0.06809951975
1846	0.06808486691
1847	0.06805375265
1848	0.06802332946
1849	0.06799117226
1850	0.06797123072
1851	0.06794746486
1852	0.06792768878
1853	0.06790921438
1854	0.06788862152
1855	0.06788575861
1856	0.06786044265
1857	0.06783805018
1858	0.06779977074
1859	0.06778723632
1860	0.06775878191
1861	0.06773748277
1862	0.06771697031
1863	0.06769899089
1864	0.06769615529
1865	0.06767422788
1866	0.06766957926
1867	0.06765240037
1868	0.06764765834
1869	0.06761251099
1870	0.06760850361
1871	0.06758657521
1872	0.0675664739
1873	0.06754900015
1874	0.06752250956
1875	0.06749681665
1876	0.06747592127
1877	0.06745499544
1878	0.06743658108
1879	0.06741335485
1880	0.06739234197
1881	0.06736570584
1882	0.06735361263
1883	0.0673282964
1884	0.06730766573
1885	0.06728868176
1886	0.06726308828
1887	0.06722836219
1888	0.06720777778
1889	0.0671884901
1890	0.06717631592
1891	0.06714813284
1892	0.06712878325
1893	0.06710971864
1894	0.06708392272
1895	0.06708112919
1896	0.06706837329
1897	0.06703743218
1898	0.06700316466
1899	0.06698443802
1900	0.06695996664
1901	0.06695544824
1902	0.06693654189
1903	0.0669170531
1904	0.06689799866
1905	0.06688053402
1906	0.06686769854
1907	0.06684674359
1908	0.06681969801
1909	0.06679154134
1910	0.06677606337
1911	0.06674893437
1912	0.06672207147
1913	0.06670046626
1914	0.06667572788
1915	0.06665777099
1916	0.06665102061
1917	0.06662880612
1918	0.06659960927
1919	0.06657861525
1920	0.06655384041
1921	0.06651710005
1922	0.06649293756
1923	0.06647327615
1924	0.06644941449
1925	0.06644554953
1926	0.06644174795
1927	0.06642120429
1928	0.06639368213
1929	0.06637098913
1930	0.06633760396
1931	0.06630790595
1932	0.06628995782
1933	0.06626765214
1934	0.06625373398
1935	0.06622805195
1936	0.06620508248
1937	0.06618661981
1938	0.06616360869
1939	0.06614669968
1940	0.06611998903
1941	0.06611724904
1942	0.06609876726
1943	0.06607300228
1944	0.06606900535
1945	0.06606645278
1946	0.0660373968
1947	0.06601866367
1948	0.06598686952
1949	0.06596902404
1950	0.06594911035
1951	0.06594657916
1952	0.06593223566
1953	0.06590428043
1954	0.06588367187
1955	0.06586493588
1956	0.06584063553
1957	0.06582848794
1958	0.0658087963
1959	0.06578244528
1960	0.0657517957
1961	0.06573197776
1962	0.06571614483
1963	0.0657000488
1964	0.0656973651
1965	0.06567656596
1966	0.06565832068
1967	0.06562793956
1968	0.06561052336
1969	0.0655918542
1970	0.06558937269
1971	0.06556273225
1972	0.06554941195
1973	0.06553180106
1974	0.06552915894
1975	0.06552662964
1976	0.06550234897
1977	0.06549392359
1978	0.06546601944
1979	0.06544880733
1980	0.06542818283
1981	0.06540934042
1982	0.06538922192
1983	0.06536222254
1984	0.06534031295
1985	0.06532360416
1986	0.06531958361
1987	0.06530630536
1988	0.0652773787
1989	0.06527478151
1990	0.06524206979
1991	0.06523615009
1992	0.06523356449
1993	0.06523164151
1994	0.06522909035
1995	0.06522546953
1996	0.06519847119
1997	0.06517392304
1998	0.06517141805
1999	0.06516918686
2000	0.06515408488
2001	0.06511465006
2002	0.06509761849
2003	0.065095289
2004	0.0650745502
2005	0.06504367946
2006	0.06501752611
2007	0.06499504599
2008	0.06499273395
2009	0.06497887023
2010	0.0649630051
2011	0.06494923261
2012	0.0649333817
2013	0.06490894569
2014	0.06490503228
2015	0.06489516916
2016	0.06487030191
2017	0.0648517702
2018	0.06482875219
2019	0.06479709716
2020	0.06477165145
2021	0.06476929437
2022	0.06474342715
2023	0.06471287344
2024	0.06470946441
2025	0.06468520709
2026	0.06466214358
2027	0.06463685387
2028	0.06463307557
2029	0.06460543324
2030	0.06458136201
2031	0.06457904108
2032	0.06456188838
2033	0.06453821684
2034	0.0645169821
2035	0.06448736361
2036	0.06448505849
2037	0.06448276675
2038	0.06445847612
2039	0.06444519605
2040	0.0644418606
2041	0.06441881737
2042	0.06439697708
2043	0.06437983538
2044	0.06436302286
2045	0.06434537193
2046	0.06433284853
2047	0.06431799049
2048	0.06431448095
2049	0.0642960164
2050	0.06427141451
2051	0.06425450128
2052	0.06423420961
2053	0.06421262316
2054	0.06421049572
2055	0.06418909878
2056	0.06415492323
2057	0.06412716672
2058	0.06410125628
2059	0.06408823714
2060	0.06408469318
2061	0.06408252469
2062	0.06408022333
2063	0.06405592584
2064	0.06405385442
2065	0.06402649732
2066	0.06401611915
2067	0.06401385236
2068	0.06401166665
2069	0.06399036866
2070	0.06397564213
2071	0.06395746019
2072	0.06395542788
2073	0.06395333797
2074	0.06393907271
2075	0.06391685916
2076	0.06389257683
2077	0.06388676489
2078	0.06385555188
2079	0.06383725653
2080	0.06381914574
2081	0.06378901486
2082	0.06377413783
2083	0.06375030182
2084	0.06373196037
2085	0.06371171405
2086	0.06369307543
2087	0.06367239574
2088	0.06366255873
2089	0.063649127
2090	0.06363117982
2091	0.0636136189
2092	0.06358167846
2093	0.06357931458
2094	0.06356688564
2095	0.06356240836
2096	0.06354470743
2097	0.06352659385
2098	0.06349952706
2099	0.06347645588
2100	0.06345830049
2101	0.06345234308
2102	0.06343315066
2103	0.06343111819
2104	0.06342909827
2105	0.06342126523
2106	0.06340635316
2107	0.06339325579
2108	0.0633774345
2109	0.06337510532
2110	0.06335992625
2111	0.06333278854
2112	0.06333079315
2113	0.06331330125
2114	0.06330058598
2115	0.0632967267
2116	0.06328103022
2117	0.06325170676
2118	0.06323182896
2119	0.06322898621
2120	0.06320135775
2121	0.06318193269
2122	0.06314903263
2123	0.06312605391
2124	0.06312314167
2125	0.06311060338
2126	0.06309603829
2127	0.06307670219
2128	0.06305808683
2129	0.06303840734
2130	0.06300976436
2131	0.06300641277
2132	0.06296910362
2133	0.0629655327
2134	0.06295534802
2135	0.0629343547
2136	0.06291469915
2137	0.06289013538
2138	0.06288584739
2139	0.06288381361
2140	0.06286746917
2141	0.06286553076
2142	0.06285413878
2143	0.06284976251
2144	0.06282247649
2145	0.06279005694
2146	0.06277153588
2147	0.06276948124
2148	0.06274574699
2149	0.06272346083
2150	0.06270058874
2151	0.06268493354
2152	0.06266325955
2153	0.06265229622
2154	0.06263967681
2155	0.06261314904
2156	0.06259196156
2157	0.06257187321
2158	0.06256905014
2159	0.06255094785
2160	0.06252140622
2161	0.06250488082
2162	0.06248541128
2163	0.06248328821
2164	0.06245685189
2165	0.06244309867
2166	0.06242250732
2167	0.06240466545
2168	0.06237596823
2169	0.06235825678
2170	0.06234074288
2171	0.06233856827
2172	0.06230852454
2173	0.06228632733
2174	0.06226913271
2175	0.06224150367
2176	0.0622289255
2177	0.06221037583
2178	0.06219938998
2179	0.0621812497
2180	0.06216784405
2181	0.06215166962
2182	0.06214611382
2183	0.06212767608
2184	0.06210026539
2185	0.06209230388
2186	0.06208777137
2187	0.06207180699
2188	0.06205694563
2189	0.06203671738
2190	0.06202050864
2191	0.06201855731
2192	0.06200574852
2193	0.06198647712
2194	0.06198032003
2195	0.06196627353
2196	0.06196098995
2197	0.06194960683
2198	0.06192656678
2199	0.06192459077
2200	0.06191618259
2201	0.0619142613
2202	0.06190126124
2203	0.06188051635
2204	0.06185757423
2205	0.06185562673
2206	0.06182873902
2207	0.06181217273
2208	0.06179311009
2209	0.06179101827
2210	0.06178894086
2211	0.0617680243
2212	0.06176623112
2213	0.0617506152
2214	0.06174856906
2215	0.06172630265
2216	0.06171099529
2217	0.0616929908
2218	0.06169121456
2219	0.06168834657
2220	0.06166824876
2221	0.06165217844
2222	0.06163090671
2223	0.06162792424
2224	0.06161169192
2225	0.06159052369
2226	0.06157730173
2227	0.06157463815
2228	0.06157281117
2229	0.0615513033
2230	0.06153270038
2231	0.06151890182
2232	0.06150198343
2233	0.06149086063
2234	0.06147069221
2235	0.06145660426
2236	0.06144355736
2237	0.06141608299
2238	0.0614142671
2239	0.06139413645
2240	0.06137809341
2241	0.06136165556
2242	0.06133562628
2243	0.06132221714
2244	0.06132041339
2245	0.0613174624
2246	0.06129953367
2247	0.06127810849
2248	0.06127614907
2249	0.06126286091
2250	0.06126116154
2251	0.06123820857
2252	0.06122287839
2253	0.06120564531
2254	0.06118904372
2255	0.06116772718
2256	0.06115086368
2257	0.0611339181
2258	0.06111762057
2259	0.06111457781
2260	0.06111266267
2261	0.06109211767
2262	0.0610666739
2263	0.06104380124
2264	0.06102988472
2265	0.06102822605
2266	0.06100780918
2267	0.06098743748
2268	0.06096853403
2269	0.06095792845
2270	0.06093805586
2271	0.06092181247
2272	0.0609077996
2273	0.06089468008
2274	0.06086963072
2275	0.06084696056
2276	0.06083725083
2277	0.06081715585
2278	0.06080510337
2279	0.06077806082
2280	0.06077537786
2281	0.06074944576
2282	0.06071838573
2283	0.06071661056
2284	0.06070467223
2285	0.06069161046
2286	0.0606800761
2287	0.06066151443
2288	0.06063876966
2289	0.06061265532
2290	0.06058704722
2291	0.0605757659
2292	0.06055377947
2293	0.06053349792
2294	0.06051651827
2295	0.06050107777
2296	0.06048153688
2297	0.06046430927
2298	0.06044723815
2299	0.06042726334
2300	0.0604255404
2301	0.06040179865
2302	0.06039825295
2303	0.06038520318
2304	0.06036204901
2305	0.06034805665
2306	0.0603366832
2307	0.06033393312
2308	0.06031443828
2309	0.06031275245
2310	0.06030599775
2311	0.06029838503
2312	0.06028023929
2313	0.06025916883
2314	0.06025745071
2315	0.06023406981
2316	0.06021162537
2317	0.06020623639
2318	0.06020465031
2319	0.06018893211
2320	0.06017844473
2321	0.06017593932
2322	0.06015095055
2323	0.06013212296
2324	0.06011508798
2325	0.06009104917
2326	0.06007160058
2327	0.0600596618
2328	0.06005679821
2329	0.06003770785
2330	0.06002205722
2331	0.05999923512
2332	0.05998452546
2333	0.05996257588
2334	0.05994250355
2335	0.05993977774
2336	0.05992130451
2337	0.0599144913
2338	0.05990735606
2339	0.05989593145
2340	0.05987123114
2341	0.05985254698
2342	0.05982967495
2343	0.05982788428
2344	0.05982550164
2345	0.05980719357
2346	0.0597911458
2347	0.05976893431
2348	0.05976726226
2349	0.05974509356
2350	0.05972188774
2351	0.05970555108
2352	0.05970379316
2353	0.05970217877
2354	0.05969027787
2355	0.05966613324
2356	0.05964669065
2357	0.05962917967
2358	0.05961606363
2359	0.05959969659
2360	0.05957756403
2361	0.0595601001
2362	0.05954325221
2363	0.05952947131
2364	0.05952482247
2365	0.0595047434
2366	0.05948540601
2367	0.05946729168
2368	0.05944969472
2369	0.05944393525
2370	0.05942709405
2371	0.05941397614
2372	0.05941229464
2373	0.05939387679
2374	0.05938658967
2375	0.0593708521
2376	0.05934855324
2377	0.05933372457
2378	0.05933201292
2379	0.05933031293
2380	0.05932881847
2381	0.05931870509
2382	0.05929528014
2383	0.05927689401
2384	0.05925884822
2385	0.05923947356
2386	0.05921139336
2387	0.05919490101
2388	0.05917795287
2389	0.05915944399
2390	0.05915774855
2391	0.05915589738
2392	0.0591359759
2393	0.05913427801
2394	0.05910648039
2395	0.05908563992
2396	0.05906904863
2397	0.05904737147
2398	0.05902481108
2399	0.05901845457
2400	0.0590169211
2401	0.05900205901
2402	0.05898673644
2403	0.05898502999
2404	0.05896808003
2405	0.05895323097
2406	0.05893466548
2407	0.05892071483
2408	0.0589001127
2409	0.05887644927
2410	0.05886987715
2411	0.05885473662
2412	0.05885080597
2413	0.0588309761
2414	0.05881290351
2415	0.0587940183
2416	0.05878776721
2417	0.05876688396
2418	0.05876548694
2419	0.0587622223
2420	0.05874837534
2421	0.05872307692
2422	0.05869369638
2423	0.05867960069
2424	0.05866313024
2425	0.05864607773
2426	0.05862529359
2427	0.05860083807
2428	0.05859929258
2429	0.0585812329
2430	0.05855682257
2431	0.05854022184
2432	0.05851610894
2433	0.05850594212
2434	0.058486283
2435	0.05846428703
2436	0.05843351309
2437	0.05840986039
2438	0.05839639436
2439	0.05835714425
2440	0.05833650681
2441	0.05832781204
2442	0.05830684395
2443	0.05829066529
2444	0.05828762669
2445	0.05827132943
2446	0.05826055214
2447	0.05825231566
2448	0.05824294762
2449	0.05823794022
2450	0.05822501148
2451	0.05822353368
2452	0.05821208308
2453	0.05819066972
2454	0.0581892013
2455	0.05818774131
2456	0.05817430513
2457	0.05815876824
2458	0.05814745311
2459	0.05813864066
2460	0.05811464701
2461	0.05809544024
2462	0.0580911167
2463	0.05808412848
2464	0.05806079753
2465	0.05805033282
2466	0.05803300812
2467	0.0580086165
2468	0.05798262345
2469	0.05795895244
2470	0.05793841478
2471	0.0579240776
2472	0.05792232355
2473	0.05790069905
2474	0.05789736996
2475	0.05788130685
2476	0.05786994325
2477	0.05786611302
2478	0.05784010388
2479	0.05783694432
2480	0.05782095449
2481	0.05780496726
2482	0.0577877773
2483	0.05777552975
2484	0.05776053863
2485	0.05774345535
2486	0.05772536129
2487	0.0577239884
2488	0.05771253075
2489	0.05770971933
2490	0.05769435742
2491	0.05769263385
2492	0.05767413573
2493	0.0576561297
2494	0.05763591619
2495	0.05760815954
2496	0.05759900799
2497	0.05759699498
2498	0.05759499901
2499	0.05758458398
2500	0.05757252501
2501	0.05757117254
2502	0.05755395738
2503	0.05755254131
2504	0.05753570231
2505	0.05751880912
2506	0.05751499241
2507	0.05750125361
2508	0.05747755097
2509	0.0574616786
2510	0.05744525767
2511	0.05742973033
2512	0.05740152442
2513	0.05738627921
2514	0.0573723243
2515	0.05735965911
2516	0.05735792522
2517	0.05734219561
2518	0.05733639625
2519	0.05731272964
2520	0.05729890412
2521	0.05728144872
2522	0.05727880226
2523	0.05725682739
2524	0.05725488351
2525	0.05723685335
2526	0.05722237272
2527	0.05720770725
2528	0.057197674
2529	0.05718097534
2530	0.05715287548
2531	0.05713555787
2532	0.05711642548
2533	0.05709613231
2534	0.05708694522
2535	0.05706862062
2536	0.05704883624
2537	0.05704745514
2538	0.05702481757
2539	0.05700884145
2540	0.05700027033
2541	0.05699889933
2542	0.05697669384
2543	0.0569617026
2544	0.05694049664
2545	0.05693788375
2546	0.05693130329
2547	0.05692154432
2548	0.05690861548
2549	0.05688789939
2550	0.05687311135
2551	0.05687143712
2552	0.05687014895
2553	0.05686545647
2554	0.05686245375
2555	0.05685191764
2556	0.05683248726
2557	0.05682084997
2558	0.05680609776
2559	0.05679832039
2560	0.05678514464
2561	0.05677145135
2562	0.05677010482
2563	0.05675246867
2564	0.05673887554
2565	0.05673319392
2566	0.05672530533
2567	0.05669984635
2568	0.05668722933
2569	0.05668595757
2570	0.05668469364
2571	0.05665545705
2572	0.0566332523
2573	0.0566151825
2574	0.05657874816
2575	0.05657582221
2576	0.05656124491
2577	0.05654275754
2578	0.05652246221
2579	0.05650685775
2580	0.05649163593
2581	0.05648674162
2582	0.05647086667
2583	0.05644695547
2584	0.05643392073
2585	0.05641208601
2586	0.05638496939
2587	0.05637170354
2588	0.05635701577
2589	0.0563438615
2590	0.05632976581
2591	0.05631632462
2592	0.05630120709
2593	0.05628339736
2594	0.05626706341
2595	0.05625265872
2596	0.05623363142
2597	0.05620910071
2598	0.05618554699
2599	0.05617987389
2600	0.05616912822
2601	0.05615656462
2602	0.05615375753
2603	0.05611841459
2604	0.05610542291
2605	0.05608532513
2606	0.05606293894
2607	0.05604779477
2608	0.05603322597
2609	0.05602164256
2610	0.0560067274
2611	0.05599265959
2612	0.05598989569
2613	0.05597780084
2614	0.05596355929
2615	0.05594900818
2616	0.05593761043
2617	0.05591508218
2618	0.05590551234
2619	0.0558983946
2620	0.05588397265
2621	0.05587082409
2622	0.05585642043
2623	0.0558422473
2624	0.05583184311
2625	0.05583015015
2626	0.05580891654
2627	0.05578804645
2628	0.05577219649
2629	0.05575521747
2630	0.0557535258
2631	0.0557325838
2632	0.05572320552
2633	0.05569601379
2634	0.0556740079
2635	0.0556505951
2636	0.05561676863
2637	0.05560119507
2638	0.05558929075
2639	0.05557850638
2640	0.0555710477
2641	0.05555064993
2642	0.05552927483
2643	0.05551365738
2644	0.0555122049
2645	0.05549658161
2646	0.05549489881
2647	0.05548700612
2648	0.05547349128
2649	0.05545504251
2650	0.05545358213
2651	0.05543416316
2652	0.05540845964
2653	0.05539474119
2654	0.05539334944
2655	0.05538089611
2656	0.05536535971
2657	0.05534802719
2658	0.05534608099
2659	0.055328825
2660	0.05532110546
2661	0.05529694175
2662	0.05528517163
2663	0.05526208126
2664	0.05523052059
2665	0.05520959091
2666	0.05519536285
2667	0.05517959868
2668	0.05515888534
2669	0.05515763363
2670	0.0551536988
2671	0.05514227151
2672	0.0551236959
2673	0.05511145724
2674	0.05509999102
2675	0.05508398165
2676	0.05506751664
2677	0.05506627528
2678	0.05504821725
2679	0.0550326662
2680	0.05503143351
2681	0.05501823061
2682	0.05499263262
2683	0.05496911078
2684	0.05495258804
2685	0.05493544586
2686	0.05492219618
2687	0.05491876977
2688	0.05490560503
2689	0.05487215125
2690	0.05484200356
2691	0.05484089326
2692	0.0548272102
2693	0.05481347599
2694	0.05480147063
2695	0.05478039066
2696	0.05477233176
2697	0.05476246398
2698	0.05474270816
2699	0.05472883609
2700	0.05471878054
2701	0.05470569496
2702	0.05469543189
2703	0.05467599613
2704	0.05467439775
2705	0.05467273305
2706	0.05465660601
2707	0.05463483929
2708	0.05461006651
2709	0.05457876762
2710	0.05457746777
2711	0.05455877941
2712	0.05454382218
2713	0.05453216844
2714	0.05452372908
2715	0.05450288524
2716	0.05448454297
2717	0.05448335248
2718	0.05446967146
2719	0.05446314182
2720	0.05446153572
2721	0.05444211958
2722	0.05443041503
2723	0.05441561935
2724	0.05441298944
2725	0.05439921154
2726	0.05439765382
2727	0.05439546579
2728	0.05437549042
2729	0.05436167994
2730	0.05433889968
2731	0.05432683664
2732	0.0543166728
2733	0.05431525059
2734	0.05430417805
2735	0.05428366866
2736	0.05426888943
2737	0.05425022223
2738	0.05422875988
2739	0.05421713165
2740	0.05421588201
2741	0.05420139765
2742	0.05418040414
2743	0.05416516115
2744	0.05416103107
2745	0.05414466608
2746	0.05412663307
2747	0.05412528216
2748	0.0541235868
2749	0.0541088351
2750	0.05410769008
2751	0.05410503116
2752	0.05409372022
2753	0.05408319972
2754	0.05407087562
2755	0.05404964364
2756	0.0540402357
2757	0.05401588145
2758	0.05399338483
2759	0.05397906486
2760	0.05397510153
2761	0.05397339139
2762	0.0539564738
2763	0.05393461422
2764	0.05392564859
2765	0.053914063
2766	0.05390231187
2767	0.0538858877
2768	0.05387280677
2769	0.05387132919
2770	0.05385798263
2771	0.05385685112
2772	0.05384236509
2773	0.05382654003
2774	0.0538113708
2775	0.05380955763
2776	0.05379486432
2777	0.05379347846
2778	0.05377271041
2779	0.05375776729
2780	0.05374574764
2781	0.05373002583
2782	0.05371186371
2783	0.05369500531
2784	0.05368315471
2785	0.05366841427
2786	0.053657028
2787	0.05364081951
2788	0.05362572064
2789	0.0536073403
2790	0.05360621681
2791	0.05360278696
2792	0.05358068033
2793	0.05355617253
2794	0.0535434764
2795	0.05354226316
2796	0.05352390074
2797	0.05351306523
2798	0.05350287036
2799	0.05348721218
2800	0.0534852691
2801	0.05346958423
2802	0.05345377959
2803	0.05343313124
2804	0.05341504556
2805	0.05338840346
2806	0.05337185855
2807	0.05336827292
2808	0.05334972137
2809	0.05332292287
2810	0.05329349438
2811	0.05328346891
2812	0.05327433173
2813	0.05325854949
2814	0.05325709966
2815	0.05323523904
2816	0.05322294646
2817	0.05320359165
2818	0.05319214695
2819	0.05319053769
2820	0.05317259501
2821	0.05316094796
2822	0.05314176867
2823	0.05313490833
2824	0.05312380754
2825	0.05311242127
2826	0.05309776776
2827	0.05308298382
2828	0.05306873841
2829	0.05306760576
2830	0.05305438557
2831	0.05304167941
2832	0.05302595736
2833	0.05302068949
2834	0.05300864455
2835	0.05299510077
2836	0.05298771158
2837	0.05296955648
2838	0.05294927927
2839	0.05294010378
2840	0.0529189033
2841	0.05290156771
2842	0.05289602078
2843	0.05287064539
2844	0.05286955019
2845	0.05285967066
2846	0.05284565303
2847	0.05283453286
2848	0.05282303185
2849	0.05279454103
2850	0.05277558627
2851	0.05275907264
2852	0.05273648828
2853	0.05271675208
2854	0.05270319149
2855	0.05268188428
2856	0.05267032988
2857	0.05265387731
2858	0.05265262969
2859	0.05264113508
2860	0.05262636514
2861	0.05261076403
2862	0.05259531242
2863	0.05258247393
2864	0.05256068164
2865	0.05254470747
2866	0.05254167603
2867	0.05253150138
2868	0.05251326461
2869	0.05251185889
2870	0.05251005055
2871	0.05248902724
2872	0.05247603894
2873	0.05247475544
2874	0.05245828987
2875	0.05243991751
2876	0.05242220114
2877	0.05240551899
2878	0.05238050414
2879	0.05237885327
2880	0.05236816508
2881	0.0523665223
2882	0.05235958036
2883	0.05234864625
2884	0.05232968004
2885	0.05231468975
2886	0.05229805513
2887	0.05229683592
2888	0.05228481319
2889	0.05228369793
2890	0.05228069481
2891	0.05227284886
2892	0.05226286626
2893	0.05224269849
2894	0.05223419425
2895	0.0522269368
2896	0.05221062578
2897	0.05218249357
2898	0.05215827954
2899	0.05214457203
2900	0.05213166393
2901	0.05210590594
2902	0.05208933087
2903	0.05208069073
2904	0.05206564168
2905	0.05205245884
2906	0.05203514147
2907	0.05203410802
2908	0.0520215049
2909	0.05200361259
2910	0.05199523658
2911	0.05198243539
2912	0.05197494006
2913	0.05196528032
2914	0.05194788608
2915	0.0519412946
2916	0.05192784626
2917	0.05190513177
2918	0.05188983529
2919	0.05188231827
2920	0.05187013258
2921	0.0518619569
2922	0.05184653596
2923	0.05183808032
2924	0.05182923037
2925	0.05180713002
2926	0.0517965509
2927	0.05177665306
2928	0.05175578228
2929	0.05175231856
2930	0.05175102444
2931	0.05174822243
2932	0.05173600796
2933	0.05172154937
2934	0.05169662767
2935	0.05169526275
2936	0.05168640951
2937	0.05166916213
2938	0.05165758038
2939	0.05164238814
2940	0.05163183804
2941	0.05161435858
2942	0.05161340366
2943	0.05159838244
2944	0.05158246621
2945	0.05156712169
2946	0.05156618696
2947	0.05155594697
2948	0.05154603965
2949	0.05153610981
2950	0.05153490919
2951	0.05150183889
2952	0.0514799489
2953	0.05147193886
2954	0.05145836746
2955	0.05144662282
2956	0.05144450241
2957	0.05142332218
2958	0.05141048314
2959	0.05139519179
2960	0.05139415428
2961	0.05139315911
2962	0.05136906025
2963	0.0513570366
2964	0.05134927756
2965	0.05134782209
2966	0.05133553927
2967	0.05131007385
2968	0.05129790995
2969	0.05128204634
2970	0.05127469116
2971	0.05125129081
2972	0.05123963014
2973	0.05122547917
2974	0.05122421986
2975	0.05120841287
2976	0.05119419754
2977	0.05118639955
2978	0.0511736899
2979	0.05114617767
2980	0.05113750846
2981	0.0511256341
2982	0.05111148642
2983	0.05109728377
2984	0.05108860847
2985	0.05107848712
2986	0.05107324864
2987	0.0510560962
2988	0.05104209784
2989	0.05102657605
2990	0.05101862487
2991	0.05100647094
2992	0.05098709586
2993	0.05097500839
2994	0.05095293958
2995	0.05093638789
2996	0.05091885114
2997	0.05091105535
2998	0.05090938167
2999	0.05089772051
